episode,step,state,action,reward,next_state,terminated,q_before,bootstrap,target,td_error,q_after
0,1,"(14, 2, 0, 0)",3,-0.08999999999999986,"(14, 3, 0, 1)",False,0.0,0.0,-0.08999999999999986,-0.08999999999999986,-0.01979999999999997
0,2,"(14, 3, 0, 1)",1,-1.7899999999999998,"(14, 3, 0, 2)",False,0.0,0.0,-1.7899999999999998,-1.7899999999999998,-0.3938
0,3,"(14, 3, 0, 2)",3,-0.09999999999999998,"(13, 3, 0, 3)",False,0.0,0.0,-0.09999999999999998,-0.09999999999999998,-0.021999999999999995
0,4,"(13, 3, 0, 3)",2,-7.49,"(13, 2, 0, 0)",False,0.0,0.0,-7.49,-7.49,-1.6478000000000002
0,5,"(13, 2, 0, 0)",0,-0.09999999999999998,"(12, 2, 0, 1)",False,0.0,0.0,-0.09999999999999998,-0.09999999999999998,-0.021999999999999995
0,6,"(12, 2, 0, 1)",3,-7.49,"(13, 2, 0, 2)",False,0.0,0.0,-7.49,-7.49,-1.6478000000000002
0,7,"(13, 2, 0, 2)",2,-0.4799999999999997,"(13, 1, 0, 3)",False,0.0,0.0,-0.4799999999999997,-0.4799999999999997,-0.10559999999999993
0,8,"(13, 1, 0, 3)",3,-7.09,"(13, 2, 0, 0)",False,0.0,0.0,-7.09,-7.09,-1.5598
0,9,"(13, 2, 0, 0)",2,-0.4799999999999997,"(13, 1, 0, 1)",False,0.0,0.0,-0.4799999999999997,-0.4799999999999997,-0.10559999999999993
0,10,"(13, 1, 0, 1)",3,-7.09,"(13, 2, 0, 2)",False,0.0,0.0,-7.09,-7.09,-1.5598
0,11,"(13, 2, 0, 2)",3,-0.09999999999999998,"(13, 3, 0, 3)",False,0.0,0.0,-0.09999999999999998,-0.09999999999999998,-0.021999999999999995
0,12,"(13, 3, 0, 3)",2,-7.49,"(13, 2, 0, 0)",False,-1.6478000000000002,0.0,-7.49,-5.8422,-2.933084
0,13,"(13, 2, 0, 0)",1,-0.09999999999999998,"(13, 3, 0, 1)",False,0.0,0.0,-0.09999999999999998,-0.09999999999999998,-0.021999999999999995
0,14,"(13, 3, 0, 1)",1,-0.4899999999999999,"(14, 3, 0, 2)",False,0.0,0.0,-0.4899999999999999,-0.4899999999999999,-0.10779999999999998
0,15,"(14, 3, 0, 2)",1,-1.7899999999999998,"(14, 3, 0, 3)",False,0.0,0.0,-1.7899999999999998,-1.7899999999999998,-0.3938
0,16,"(14, 3, 0, 3)",1,-0.4799999999999997,"(14, 2, 0, 0)",False,0.0,0.0,-0.4799999999999997,-0.4799999999999997,-0.10559999999999993
0,17,"(14, 2, 0, 0)",1,-1.7799999999999998,"(14, 2, 0, 1)",False,0.0,0.0,-1.7799999999999998,-1.7799999999999998,-0.39159999999999995
0,18,"(14, 2, 0, 1)",1,-1.7799999999999998,"(14, 2, 0, 2)",False,0.0,0.0,-1.7799999999999998,-1.7799999999999998,-0.39159999999999995
0,19,"(14, 2, 0, 2)",3,-0.08999999999999986,"(14, 3, 0, 3)",False,0.0,0.0,-0.08999999999999986,-0.08999999999999986,-0.01979999999999997
0,20,"(14, 3, 0, 3)",0,-0.09999999999999998,"(13, 3, 0, 0)",False,0.0,0.0,-0.09999999999999998,-0.09999999999999998,-0.021999999999999995
0,21,"(13, 3, 0, 0)",3,-0.1100000000000001,"(12, 3, 0, 1)",False,0.0,0.0,-0.1100000000000001,-0.1100000000000001,-0.02420000000000002
0,22,"(12, 3, 0, 1)",0,-0.11999999999999955,"(11, 3, 0, 2)",False,0.0,0.0,-0.11999999999999955,-0.11999999999999955,-0.026399999999999903
0,23,"(11, 3, 0, 2)",2,-0.5100000000000001,"(11, 2, 0, 3)",False,0.0,0.0,-0.5100000000000001,-0.5100000000000001,-0.11220000000000002
0,24,"(11, 2, 0, 3)",1,-0.5,"(12, 2, 0, 0)",False,0.0,0.0,-0.5,-0.5,-0.11
0,25,"(12, 2, 0, 0)",1,-7.49,"(13, 2, 0, 1)",False,0.0,0.0,-7.49,-7.49,-1.6478000000000002
0,26,"(13, 2, 0, 1)",2,-0.4799999999999997,"(13, 1, 0, 2)",False,0.0,0.0,-0.4799999999999997,-0.4799999999999997,-0.10559999999999993
0,27,"(13, 1, 0, 2)",1,-0.4699999999999996,"(14, 1, 0, 3)",False,0.0,0.0,-0.4699999999999996,-0.4699999999999996,-0.10339999999999991
0,28,"(14, 1, 0, 3)",3,-0.07999999999999968,"(14, 2, 0, 0)",False,0.0,0.0,-0.07999999999999968,-0.07999999999999968,-0.01759999999999993
0,29,"(14, 2, 0, 0)",2,-0.4699999999999996,"(14, 1, 0, 1)",False,0.0,0.0,-0.4699999999999996,-0.4699999999999996,-0.10339999999999991
0,30,"(14, 1, 0, 1)",1,-1.7699999999999996,"(14, 1, 0, 2)",False,0.0,0.0,-1.7699999999999996,-1.7699999999999996,-0.3893999999999999
0,31,"(14, 1, 0, 2)",3,-0.07999999999999968,"(14, 2, 0, 3)",False,0.0,0.0,-0.07999999999999968,-0.07999999999999968,-0.01759999999999993
0,32,"(14, 2, 0, 3)",2,-0.4699999999999996,"(14, 1, 0, 0)",False,0.0,0.0,-0.4699999999999996,-0.4699999999999996,-0.10339999999999991
0,33,"(14, 1, 0, 0)",3,-0.07999999999999968,"(14, 2, 0, 1)",False,0.0,0.0,-0.07999999999999968,-0.07999999999999968,-0.01759999999999993
0,34,"(14, 2, 0, 1)",3,-0.08999999999999986,"(14, 3, 0, 2)",False,0.0,0.0,-0.08999999999999986,-0.08999999999999986,-0.01979999999999997
0,35,"(14, 3, 0, 2)",3,-0.4799999999999997,"(14, 4, 0, 3)",False,-0.021999999999999995,0.0,-0.4799999999999997,-0.4579999999999997,-0.12275999999999992
0,36,"(14, 4, 0, 3)",3,-0.4699999999999996,"(14, 5, 0, 0)",False,0.0,0.0,-0.4699999999999996,-0.4699999999999996,-0.10339999999999991
0,37,"(14, 5, 0, 0)",1,-1.7699999999999996,"(14, 5, 0, 1)",False,0.0,0.0,-1.7699999999999996,-1.7699999999999996,-0.3893999999999999
0,38,"(14, 5, 0, 1)",2,-0.07999999999999968,"(14, 4, 0, 2)",False,0.0,0.0,-0.07999999999999968,-0.07999999999999968,-0.01759999999999993
0,39,"(14, 4, 0, 2)",0,-0.08999999999999986,"(14, 3, 0, 3)",False,0.0,0.0,-0.08999999999999986,-0.08999999999999986,-0.01979999999999997
0,40,"(14, 3, 0, 3)",3,-0.4799999999999997,"(14, 4, 0, 0)",False,0.0,0.0,-0.4799999999999997,-0.4799999999999997,-0.10559999999999993
0,41,"(14, 4, 0, 0)",3,-0.4699999999999996,"(14, 5, 0, 1)",False,0.0,0.0,-0.4699999999999996,-0.4699999999999996,-0.10339999999999991
0,42,"(14, 5, 0, 1)",2,-0.07999999999999968,"(14, 4, 0, 2)",False,-0.01759999999999993,0.0,-0.07999999999999968,-0.06239999999999975,-0.03132799999999988
0,43,"(14, 4, 0, 2)",1,-1.7799999999999998,"(14, 4, 0, 3)",False,0.0,0.0,-1.7799999999999998,-1.7799999999999998,-0.39159999999999995
0,44,"(14, 4, 0, 3)",1,-1.7799999999999998,"(14, 4, 0, 0)",False,0.0,0.0,-1.7799999999999998,-1.7799999999999998,-0.39159999999999995
0,45,"(14, 4, 0, 0)",3,-0.4699999999999996,"(14, 5, 0, 1)",False,-0.10339999999999991,0.0,-0.4699999999999996,-0.3665999999999997,-0.18405199999999983
0,46,"(14, 5, 0, 1)",1,-1.7699999999999996,"(14, 5, 0, 2)",False,0.0,0.0,-1.7699999999999996,-1.7699999999999996,-0.3893999999999999
0,47,"(14, 5, 0, 2)",3,-0.4599999999999994,"(14, 6, 0, 3)",False,0.0,0.0,-0.4599999999999994,-0.4599999999999994,-0.10119999999999987
0,48,"(14, 6, 0, 3)",0,-0.06999999999999956,"(13, 6, 0, 0)",False,0.0,0.0,-0.06999999999999956,-0.06999999999999956,-0.015399999999999903
0,49,"(13, 6, 0, 0)",2,-0.07999999999999968,"(13, 5, 0, 1)",False,0.0,0.0,-0.07999999999999968,-0.07999999999999968,-0.01759999999999993
0,50,"(13, 5, 0, 1)",3,-0.4699999999999996,"(13, 6, 0, 2)",False,0.0,0.0,-0.4699999999999996,-0.4699999999999996,-0.10339999999999991
