run_id,algorithm,variant,seed,reward_mode,map_kind,runtime_seconds,total_samples,bellman_backups,memory_bytes,final_window_success_rate,final_window_return_mean,final_window_return_std,policy_agreement_percent,eval_episodes,eval_base_seed,eval_success_rate,eval_mean_return,eval_std_return,eval_mean_steps,eval_mean_wall_collisions,eval_mean_penalty_entries,episodes_to_success_threshold,samples_to_success_threshold
vi_shaped_reference,value_iteration,gamma_0.95,-1,shaped,source,4.81632374199944,0,60480.0,20992,,,,100.0,200,9005,1.0,93.86137500000001,13.345914121347214,29.37,2.43,0.565,,
q_shaped_linear_seed_5,q_learning,linear,5,shaped,source,16.171413959998972,320720,,20480,1.0,95.99262499999999,11.736392266019188,85.71428571428571,200,9005,1.0,93.7931875,13.568372852744492,29.41,2.45,0.56,476.0,155011.0
q_shaped_linear_seed_17,q_learning,linear,17,shaped,source,16.00095130599948,314214,,20480,1.0,93.4495,13.695814360599373,82.14285714285714,200,9005,1.0,93.92225000000002,13.282788684986295,29.44,2.45,0.545,480.0,154131.0
q_shaped_linear_seed_29,q_learning,linear,29,shaped,source,16.281548004999422,312894,,20480,1.0,94.34025,13.587989363312735,87.5,200,9005,1.0,93.52525000000001,13.612503154269604,29.565,2.335,0.625,453.0,145327.0
q_shaped_linear_seed_41,q_learning,linear,41,shaped,source,15.936087682999641,318339,,20480,1.0,95.866625,11.853188265056579,86.30952380952381,200,9005,1.0,94.057375,13.04952275169,29.39,2.44,0.54,467.0,154039.0
q_shaped_linear_seed_53,q_learning,linear,53,shaped,source,16.27257335000104,316188,,20480,1.0,94.91262499999999,13.907637458313147,83.33333333333333,200,9005,1.0,94.18081249999999,12.901020240511745,29.365,2.465,0.52,472.0,153345.0
q_shaped_linear_seed_65,q_learning,linear,65,shaped,source,17.473064862000683,320834,,20480,1.0,94.609125,15.240730672178252,86.30952380952381,200,9005,1.0,93.6975625,13.453482047962295,29.46,2.44,0.57,455.0,148879.0
q_shaped_linear_seed_77,q_learning,linear,77,shaped,source,16.034609031999935,316060,,20480,1.0,92.011125,13.677072728543742,86.30952380952381,200,9005,1.0,93.95768749999999,12.850882367413288,29.36,2.46,0.545,459.0,148763.0
q_shaped_linear_seed_89,q_learning,linear,89,shaped,source,15.970566514000893,313122,,20480,1.0,95.812875,12.81250347012148,83.92857142857143,200,9005,1.0,93.8856875,13.640690472208277,29.245,2.515,0.54,451.0,147559.0
q_shaped_linear_seed_101,q_learning,linear,101,shaped,source,15.772110081999926,312304,,20480,1.0,96.28825,13.38476498906499,84.52380952380952,200,9005,1.0,94.0253125,12.966922066207298,29.39,2.46,0.535,456.0,145537.0
q_shaped_linear_seed_113,q_learning,linear,113,shaped,source,15.704119942998659,312327,,20480,1.0,93.76337500000001,13.984715010391703,84.52380952380952,200,9005,1.0,92.93862500000002,12.152974828077074,31.42,2.63,0.405,461.0,148208.0
q_shaped_exponential_seed_5,q_learning,exponential,5,shaped,source,9.987529906000418,169713,,20480,1.0,93.47387499999999,15.178925161119775,82.14285714285714,200,9005,1.0,93.68618750000002,13.55894298963211,29.38,2.46,0.57,182.0,54656.0
q_shaped_exponential_seed_17,q_learning,exponential,17,shaped,source,10.109563497000636,168990,,20480,1.0,93.10212499999996,15.662193837290962,80.35714285714286,200,9005,1.0,93.88950000000001,13.08226396213591,29.4,2.48,0.54,195.0,55801.0
q_shaped_exponential_seed_29,q_learning,exponential,29,shaped,source,9.961569261000477,173272,,20480,1.0,94.34774999999999,15.279574333485211,86.30952380952381,200,9005,1.0,93.571875,13.427818532690816,29.51,2.36,0.615,200.0,59683.0
q_shaped_exponential_seed_41,q_learning,exponential,41,shaped,source,9.806384154000625,170626,,20480,1.0,92.09925000000003,13.870112181864283,79.16666666666667,200,9005,1.0,92.7225,12.539818953039154,31.525,2.685,0.395,197.0,56375.0
q_shaped_exponential_seed_53,q_learning,exponential,53,shaped,source,9.99908337799934,173323,,20480,1.0,94.46474999999998,14.405946838458762,80.35714285714286,200,9005,1.0,93.910625,13.560267140505564,29.31,2.52,0.53,195.0,58587.0
q_shaped_exponential_seed_65,q_learning,exponential,65,shaped,source,9.798111546000655,172328,,20480,1.0,95.87487500000002,15.726442649940735,78.57142857142857,200,9005,1.0,93.8928125,13.007549276616011,29.395,2.455,0.55,185.0,54881.0
q_shaped_exponential_seed_77,q_learning,exponential,77,shaped,source,9.60211150699979,169582,,20480,1.0,91.27825000000001,13.795777956951175,80.95238095238095,200,9005,1.0,93.93,13.51428885013932,29.455,2.445,0.545,198.0,57324.0
q_shaped_exponential_seed_89,q_learning,exponential,89,shaped,source,9.919259504000365,170444,,20480,1.0,94.897875,13.459252284093461,80.95238095238095,200,9005,1.0,93.6539375,13.478859580463167,29.38,2.48,0.565,189.0,55738.0
q_shaped_exponential_seed_101,q_learning,exponential,101,shaped,source,9.452615742999114,167168,,20480,1.0,96.7535,13.327979859115931,79.16666666666667,200,9005,1.0,93.57418750000001,14.04721820089635,29.265,2.525,0.565,181.0,53570.0
q_shaped_exponential_seed_113,q_learning,exponential,113,shaped,source,9.710813035999308,169113,,20480,1.0,93.41850000000001,13.584005355564315,82.14285714285714,200,9005,1.0,92.73118750000002,12.463539261926915,31.495,2.665,0.405,179.0,52738.0
q_sparse_linear_seed_5,q_learning,linear,5,sparse,source,11.632767035998768,319506,,20480,1.0,86.11,12.961400387303835,83.33333333333333,200,9005,1.0,85.21,14.00342458115157,29.39,2.45,0.56,468.0,150363.0
q_sparse_linear_seed_17,q_learning,linear,17,sparse,source,11.496271468000486,316457,,20480,1.0,85.44,14.250136841448226,81.54761904761905,200,9005,1.0,85.075,13.721128780096775,29.315,2.465,0.575,449.0,147593.0
q_sparse_linear_seed_29,q_learning,linear,29,sparse,source,11.940604800000074,315506,,20480,1.0,86.89,14.22525570947672,88.0952380952381,200,9005,1.0,85.22,14.094027103706024,29.41,2.43,0.565,466.0,152183.0
q_sparse_linear_seed_41,q_learning,linear,41,sparse,source,11.954362446000232,318311,,20480,1.0,85.59,13.602275544922621,82.73809523809524,200,9005,1.0,85.32,13.216565363209913,29.36,2.48,0.54,455.0,150728.0
q_sparse_linear_seed_53,q_learning,linear,53,sparse,source,11.172432631999982,316078,,20480,1.0,85.63,14.629870129293696,81.54761904761905,200,9005,1.0,85.23,13.561235194479888,29.39,2.47,0.55,456.0,148639.0
q_sparse_linear_seed_65,q_learning,linear,65,sparse,source,11.381324636999125,317881,,20480,1.0,88.97,14.972945601984934,79.76190476190476,200,9005,1.0,85.32,14.477485969601215,29.28,2.5,0.54,469.0,151013.0
q_sparse_linear_seed_77,q_learning,linear,77,sparse,source,12.454912356999557,318245,,20480,1.0,80.64,15.354165558570743,86.30952380952381,200,9005,1.0,85.35,13.293889573785394,29.36,2.46,0.545,494.0,158116.0
q_sparse_linear_seed_89,q_learning,linear,89,sparse,source,11.876394097998855,313188,,20480,1.0,84.51,12.551888304155675,88.0952380952381,200,9005,1.0,83.71,13.201359778447067,31.29,2.7,0.42,465.0,148213.0
q_sparse_linear_seed_101,q_learning,linear,101,sparse,source,11.381769874000383,316537,,20480,1.0,87.93,13.49759608226591,88.0952380952381,200,9005,1.0,85.32,14.358189300883312,29.29,2.51,0.535,458.0,147274.0
q_sparse_linear_seed_113,q_learning,linear,113,sparse,source,12.028833672999099,315540,,20480,1.0,84.6,14.475496537252184,81.54761904761905,200,9005,1.0,85.12,13.702758846305368,29.34,2.46,0.57,474.0,153545.0
sarsa_shaped_lambda_0p0_seed_5,sarsa_lambda,lambda_0.0,5,shaped,source,33.13605205100066,474933,,36864,1.0,93.11525,14.737419166444983,72.61904761904762,200,9005,1.0,93.4664375,13.095148468129091,29.6,2.43,0.59,1307.0,397814.0
sarsa_shaped_lambda_0p0_seed_17,sarsa_lambda,lambda_0.0,17,shaped,source,25.62665777499933,451229,,36864,1.0,94.92112499999999,13.675409693931474,77.97619047619048,200,9005,1.0,93.7931875,13.568372852744492,29.41,2.45,0.56,1068.0,336610.0
sarsa_shaped_lambda_0p0_seed_29,sarsa_lambda,lambda_0.0,29,shaped,source,23.84277553299944,462233,,36864,1.0,95.776125,13.09418753385925,77.38095238095238,200,9005,1.0,94.00518749999999,13.080460695101443,29.355,2.435,0.55,1185.0,367124.0
sarsa_shaped_lambda_0p0_seed_41,sarsa_lambda,lambda_0.0,41,shaped,source,27.04315440300161,438935,,36864,1.0,95.25687499999998,11.966413854905527,77.38095238095238,200,9005,1.0,93.90287500000001,13.499601192604729,29.355,2.435,0.56,1106.0,341233.0
sarsa_shaped_lambda_0p0_seed_53,sarsa_lambda,lambda_0.0,53,shaped,source,24.370309152000118,469422,,36864,1.0,95.171,12.965575440372863,76.19047619047619,200,9005,1.0,94.1079375,13.017682216022317,29.4,2.45,0.53,1222.0,382467.0
sarsa_shaped_lambda_0p0_seed_65,sarsa_lambda,lambda_0.0,65,shaped,source,24.166910763000487,469705,,36864,0.99,91.369375,40.593066117218584,72.61904761904762,200,9005,1.0,94.1079375,13.017682216022317,29.4,2.45,0.53,1217.0,374575.0
sarsa_shaped_lambda_0p0_seed_77,sarsa_lambda,lambda_0.0,77,shaped,source,25.0875151500004,477981,,36864,1.0,90.90925000000001,13.767480322756954,76.19047619047619,200,9005,1.0,94.17450000000001,12.783344072952897,29.335,2.435,0.535,1308.0,399301.0
sarsa_shaped_lambda_0p0_seed_89,sarsa_lambda,lambda_0.0,89,shaped,source,23.518049871001494,443799,,36864,1.0,95.92200000000001,12.992787075912542,77.38095238095238,200,9005,1.0,93.99456250000001,13.365663772886244,29.39,2.43,0.55,1190.0,359795.0
sarsa_shaped_lambda_0p0_seed_101,sarsa_lambda,lambda_0.0,101,shaped,source,23.576835112999106,456781,,36864,0.99,92.125375,40.69209818314705,73.80952380952381,200,9005,1.0,93.98918750000001,13.277955101731354,29.43,2.46,0.535,1259.0,373030.0
sarsa_shaped_lambda_0p0_seed_113,sarsa_lambda,lambda_0.0,113,shaped,source,23.910460549001073,446537,,36864,1.0,93.94562499999998,14.243277622158285,75.0,200,9005,1.0,94.0253125,12.966922066207298,29.39,2.46,0.535,1098.0,336214.0
sarsa_shaped_lambda_0p3_seed_5,sarsa_lambda,lambda_0.3,5,shaped,source,23.568482648999634,445762,,36864,1.0,93.50025,11.202740314873857,73.80952380952381,200,9005,1.0,93.90287500000001,13.499601192604729,29.355,2.435,0.56,1152.0,358465.0
sarsa_shaped_lambda_0p3_seed_17,sarsa_lambda,lambda_0.3,17,shaped,source,24.002524044000893,454033,,36864,1.0,93.95087499999998,13.682519670984398,77.97619047619048,200,9005,1.0,93.97475,12.99856554345517,29.38,2.45,0.545,1226.0,373330.0
sarsa_shaped_lambda_0p3_seed_29,sarsa_lambda,lambda_0.3,29,shaped,source,23.770508398998572,439057,,36864,1.0,96.12237499999999,12.881901341489732,78.57142857142857,200,9005,1.0,93.98918750000001,13.277955101731354,29.43,2.46,0.535,1006.0,324606.0
sarsa_shaped_lambda_0p3_seed_41,sarsa_lambda,lambda_0.3,41,shaped,source,22.915950220000013,448067,,36864,1.0,95.6955,11.828737453760649,79.16666666666667,200,9005,1.0,93.93862500000002,13.308721834172315,29.42,2.45,0.545,1066.0,343253.0
sarsa_shaped_lambda_0p3_seed_53,sarsa_lambda,lambda_0.3,53,shaped,source,24.04277260100025,449269,,36864,1.0,96.10275000000001,12.733260896663507,77.38095238095238,200,9005,1.0,93.9065625,13.227451978360902,29.42,2.47,0.54,1227.0,369573.0
sarsa_shaped_lambda_0p3_seed_65,sarsa_lambda,lambda_0.3,65,shaped,source,22.034618531000888,430957,,36864,1.0,95.747125,14.820478637576956,74.4047619047619,200,9005,1.0,94.00518749999999,13.080460695101443,29.355,2.435,0.55,1099.0,339251.0
sarsa_shaped_lambda_0p3_seed_77,sarsa_lambda,lambda_0.3,77,shaped,source,22.68664795099903,444310,,36864,1.0,92.03337500000004,13.246575861213154,75.5952380952381,200,9005,1.0,94.0253125,12.966922066207298,29.39,2.46,0.535,1146.0,351691.0
sarsa_shaped_lambda_0p3_seed_89,sarsa_lambda,lambda_0.3,89,shaped,source,23.065095824998934,446886,,36864,1.0,96.09974999999999,13.114901588936911,77.97619047619048,200,9005,1.0,93.99456250000001,13.365663772886244,29.39,2.43,0.55,1217.0,361219.0
sarsa_shaped_lambda_0p3_seed_101,sarsa_lambda,lambda_0.3,101,shaped,source,23.76298103299996,458824,,36864,1.0,94.532125,13.981277911796006,74.4047619047619,200,9005,1.0,93.6291875,13.031000194098446,29.57,2.42,0.58,1222.0,375848.0
sarsa_shaped_lambda_0p3_seed_113,sarsa_lambda,lambda_0.3,113,shaped,source,22.110866569999416,423280,,36864,1.0,93.72187499999998,13.274366789865157,82.14285714285714,200,9005,1.0,93.94400000000002,13.39624935616309,29.38,2.42,0.56,915.0,293044.0
sarsa_shaped_lambda_0p7_seed_5,sarsa_lambda,lambda_0.7,5,shaped,source,21.295290808999198,396054,,36864,1.0,94.73024999999998,11.212907765718041,78.57142857142857,200,9005,1.0,94.1079375,13.017682216022317,29.4,2.45,0.53,940.0,289858.0
sarsa_shaped_lambda_0p7_seed_17,sarsa_lambda,lambda_0.7,17,shaped,source,20.89120701399952,407309,,36864,1.0,93.93412500000001,13.715618133969572,77.38095238095238,200,9005,1.0,93.9065625,13.227451978360902,29.42,2.47,0.54,917.0,293282.0
sarsa_shaped_lambda_0p7_seed_29,sarsa_lambda,lambda_0.7,29,shaped,source,20.884194968000884,410004,,36864,1.0,94.90099999999998,14.71310551855046,79.16666666666667,200,9005,1.0,93.6005,13.039444596109144,29.555,2.405,0.59,994.0,314397.0
sarsa_shaped_lambda_0p7_seed_41,sarsa_lambda,lambda_0.7,41,shaped,source,21.795716139000433,419371,,36864,1.0,94.95649999999999,13.97672915062748,78.57142857142857,200,9005,1.0,93.8758125,13.618299561016922,29.42,2.44,0.555,1011.0,323451.0
sarsa_shaped_lambda_0p7_seed_53,sarsa_lambda,lambda_0.7,53,shaped,source,22.387345795999863,420658,,36864,1.0,95.821625,12.801827854719614,80.95238095238095,200,9005,1.0,93.8758125,13.618299561016922,29.42,2.44,0.555,946.0,308685.0
sarsa_shaped_lambda_0p7_seed_65,sarsa_lambda,lambda_0.7,65,shaped,source,20.797885439998936,409239,,36864,1.0,95.68724999999999,16.103706384323456,81.54761904761905,200,9005,1.0,93.742625,13.597753731660056,29.4,2.44,0.57,957.0,302078.0
sarsa_shaped_lambda_0p7_seed_77,sarsa_lambda,lambda_0.7,77,shaped,source,22.079900425000233,411485,,36864,1.0,91.38987500000003,14.09290165905783,82.14285714285714,200,9005,1.0,94.1079375,13.017682216022317,29.4,2.45,0.53,911.0,288107.0
sarsa_shaped_lambda_0p7_seed_89,sarsa_lambda,lambda_0.7,89,shaped,source,21.08251677899898,418389,,36864,1.0,95.93449999999999,13.402953979440502,79.16666666666667,200,9005,1.0,93.9065625,13.227451978360902,29.42,2.47,0.54,978.0,314671.0
sarsa_shaped_lambda_0p7_seed_101,sarsa_lambda,lambda_0.7,101,shaped,source,24.214583502000096,412844,,36864,1.0,95.41824999999999,15.28463335960336,78.57142857142857,200,9005,1.0,94.0253125,12.966922066207298,29.39,2.46,0.535,934.0,299414.0
sarsa_shaped_lambda_0p7_seed_113,sarsa_lambda,lambda_0.7,113,shaped,source,20.897250276000705,410925,,36864,1.0,93.70412499999999,13.354679312768052,82.14285714285714,200,9005,1.0,93.84275000000001,13.632808792119839,29.39,2.43,0.565,1011.0,319222.0
sarsa_shaped_lambda_0p9_seed_5,sarsa_lambda,lambda_0.9,5,shaped,source,21.421239561999755,412133,,36864,1.0,93.34487499999999,13.079001191676488,81.54761904761905,200,9005,1.0,92.22375,14.739890073368933,29.43,2.44,0.72,1016.0,318465.0
sarsa_shaped_lambda_0p9_seed_17,sarsa_lambda,lambda_0.9,17,shaped,source,21.75919900200097,410418,,36864,1.0,90.18699999999997,18.375501772060534,73.80952380952381,200,9005,1.0,92.478375,13.269140521219715,31.66,2.42,0.51,869.0,281160.0
sarsa_shaped_lambda_0p9_seed_29,sarsa_lambda,lambda_0.9,29,shaped,source,20.473268935000306,396791,,36864,1.0,95.58262500000001,16.825959472549403,78.57142857142857,200,9005,1.0,93.88193749999999,13.532990574974317,29.43,2.45,0.55,866.0,277578.0
sarsa_shaped_lambda_0p9_seed_41,sarsa_lambda,lambda_0.9,41,shaped,source,20.73984595500042,402571,,36864,1.0,95.464375,10.990654890491058,79.16666666666667,200,9005,1.0,93.2004375,13.789708819980342,29.65,2.41,0.62,948.0,300269.0
sarsa_shaped_lambda_0p9_seed_53,sarsa_lambda,lambda_0.9,53,shaped,source,21.33260655900085,413000,,36864,1.0,91.68875,20.034019777306305,79.16666666666667,200,9005,1.0,92.23800000000001,14.38304627200024,29.365,2.425,0.73,1024.0,315959.0
sarsa_shaped_lambda_0p9_seed_65,sarsa_lambda,lambda_0.9,65,shaped,source,20.76052516799973,401701,,36864,1.0,96.52137500000002,15.909167885118158,77.38095238095238,200,9005,1.0,93.95100000000002,13.717448876795567,29.275,2.505,0.535,846.0,283405.0
sarsa_shaped_lambda_0p9_seed_77,sarsa_lambda,lambda_0.9,77,shaped,source,20.642865288000394,403278,,36864,1.0,93.402375,11.845516648583759,80.95238095238095,200,9005,1.0,45.429312500000016,55.70390450853595,41.64,11.98,0.395,943.0,299522.0
sarsa_shaped_lambda_0p9_seed_89,sarsa_lambda,lambda_0.9,89,shaped,source,21.52197142299883,404482,,36864,1.0,96.05862499999999,12.622932961355493,81.54761904761905,200,9005,1.0,93.72193750000001,14.001635367514886,29.34,2.51,0.55,875.0,285220.0
sarsa_shaped_lambda_0p9_seed_101,sarsa_lambda,lambda_0.9,101,shaped,source,20.054454506000184,403278,,36864,1.0,95.348,14.020581603485642,79.76190476190476,200,9005,1.0,93.8133125,13.36460466806234,29.345,2.435,0.57,832.0,276769.0
sarsa_shaped_lambda_0p9_seed_113,sarsa_lambda,lambda_0.9,113,shaped,source,20.83126143300069,405497,,36864,1.0,87.861375,18.011404121330326,78.57142857142857,200,9005,1.0,91.792625,14.036841936378531,31.68,2.31,0.625,942.0,296625.0
